Sku,ProductName,Price,Seller,AdType
811,Máscara Nano Restauradora 30g Íntima Beauty - Flér,78,CYCLE LTCOSMÉTICOS,Anuncio Premium
762,Melano Fluid Fluido Multiclareador Para Melasma Biomarine,226,B.C COSMETICOS,Anuncio Premium
735,Hyaluronic Hyalu Fluid 11 Serúm Reparador 30ml Biomarine,131,B.C COSMETICOS,Anuncio Classico
808,Máscara Calmante Facial Flér Apple Skin 200g,97,CYCLE LTCOSMÉTICOS,Anuncio Premium
69,Creme Esfoliante Corporal Flér Spa Neutral Therapy 1kg,62,Olist,Anuncio Classico
785,Bebida Funcional Coffee Max 220g Biomarine,95,JESSICAGOVONIAL,Anuncio Classico
47,Creme Flér Revival System Máscara Facial Rubi 220g,74,SOU BEAUTY,Anuncio Classico
788,Creme Facial Emoliente Flér Apple Skin de 200g,78,CYCLE LTCOSMÉTICOS,Anuncio Premium
800,Máscara Calmante Facial Flér Apple Skin 200g,97,CYCLE LTCOSMÉTICOS,Anuncio Premium
859,Biomarine Sun Marine Fps 50 - Protetor Solar Em Spray 200ml,83,B.C COSMETICOS,Anuncio Classico
622,Biomarine Medical Rennova Lips Balm Esfoliante Labial 15g,42,B.C COSMETICOS,Anuncio Classico
623,Lip Shine Gloss Estimulador De Volume Labial 15g Bm,65,B.C COSMETICOS,Anuncio Classico
919,Lakma Loção Tônica Facial Adstringente 200ml Com Nano Acnol,50,CB COMERCIO,Anuncio Classico
661,Protetor Solar Blur Filler Fps98 Bege 50g Biomarine,136,B.C COSMETICOS,Anuncio Classico
970,Máscara Menta Therapy Refrescante 250g - Apse Vegano,39,B.C COSMETICOS,Anuncio Classico
95,POWER 6C SÉRUM VITAMINA C RENOVAÇÃO BINOMIA 50g FLER,155,COSMETICO_VIP,Anuncio Premium
830,Creme Flér Revival System Máscara Facial Quartzo Verde - Café 220g,105,COSMETICO_VIP,Anuncio Premium
944,Máscara Umectante Nutritiva Vegano Crespo Power 300g,37,BESTDREAM MAGAZINE,Anuncio Classico
807,Loção Desincrustante Facial Flér Apple Skin 200ml,52,B.C COSMETICOS,Anuncio Classico
810,Kit Profissional Clareamento Flér Intima Beauty - 2 Produtos,250,ALTERNATIVA BELEZA,Anuncio Premium
796,Sérum Firmador Flér Intima Beauty 30ml,90,BELEZA 10,Anuncio Premium
624,Biomarine Medical Balm Care Hidratante Labial 5g,51,BULL BUY,Anuncio Premium
946,Apse Crespo Power Mousse Hidratante 210 Ml,51,JUSSARAPEREIRADOCOUTOSILVA,Anuncio Classico
913,Lakma Fluido Revitalizante Facial 3 50ml - Estimula Colágeno,54,VIX.DISTRIBUIDORA,Anuncio Premium
434,Sun Marine Duo Bronze Fps15 Bronzeador 200ml Biomarine,65,B.C COSMETICOS,Anuncio Classico
272,Rever C Sabonete Mousse Antioxidante 147ml Biomarine,74,B.C COSMETICOS,Anuncio Classico
861,Gel Crioativo Corporal Flér Cryo Intensive 1kg,145,Olist,Anuncio Classico
945,Creme De Pentear Nutritivo Crespo Power Vegano Apse 500g,39,COSMÉTICOSÔMEGA20230223165033,Anuncio Classico
982,Apse Crespo Power Condicionador 1 Litro - Acidificante,94,CABELOECOSMETICOS,Anuncio Premium
1323,Bb Cream Hair Fresh 200ml Apse,35,B.C COSMETICOS,Anuncio Classico
794,Emulsão De Limpeza Facial Apple Skin Flér,101,BELEZA 10,Anuncio Premium
706,Esfoliante Químico Noite In Cell Woman Biomarine,105,B.C COSMETICOS,Anuncio Classico
873,Biomarine Biopeeling - Sérum Anti-idade Clareador 30g,128,COSMOBIOBR,Anuncio Classico
975,Apse Africa Baobá Gelatina 300 Ml,40,B.C COSMETICOS,Anuncio Classico
976,Apse Africa Baobá Shampoo 300 Ml,34,DADA20230530161348,Anuncio Premium
910,Emulsão P/ Massagem Facial Pré E Pós Operatório Masso Divine,78,BELEZA 10,Anuncio Premium
626,Biomarine Sabonete Facial Hyaluronic Cleanser 100ml,135,B.C COSMETICOS,Anuncio Classico
845,Clareador Acqua Diamond Booster Noturno Biomarine,119,Beleza na Web,Anuncio Classico
640,Biomarine Clareador Facial Proteção Solar Fps35 25g,125,B.C COSMETICOS,Anuncio Classico
492,Dermalift Maxgenix Dmae Creme Firmeza Flacidez Rosto Pescoço,179,B.C COSMETICOS,Anuncio Premium
1333,Máscara Capilar Cachos 2x1 450g Hidra Finalizador Arvensis,80,B.C COSMETICOS,Anuncio Classico
